jsd_type,mean,std,median,min,max,p90,p95,p99
raw,0.3214460822813626,0.37992779479790695,0.08714421954882373,0.0,0.9994580214770056,0.9557082662774069,0.9886835790758032,0.998872324236753
