covariate,jsd_A_mean,jsd_A_min,jsd_A_max,jsd_B_mean,jsd_B_min,jsd_B_max,mean_A_minus_B,n_samples,n_episodes
hcp_total,0.3256184414343835,0.19272438929543417,0.4421599416109754,0.05281320608937403,0.029221505059476807,0.07678177334197125,0.27284100427643776,92594,9436
controls_total,0.3274051526007784,0.19915496363548635,0.42695627091270916,0.04606510793990667,0.01910975904445899,0.07529955562938156,0.29252855501314323,96177,9438
ltc,0.32665545087894876,0.210318873965185,0.4086206376336085,0.04667989574258561,0.017233961471469265,0.07788673847356659,0.2628372866502705,94110,9438
quick_tricks,0.33791481905085413,0.20117773822870783,0.4372208250954075,0.049294604657788135,0.020198324123475817,0.07647999695521321,0.28446025822723764,97544,9438
n_contracts_bid,0.2717600687353966,0.1552778718454256,0.681667614942897,0.018938408515743365,0.007825138194170474,0.05707691341197518,0.24039831872862424,95815,9438
